file_path,title,description,link,alt_text,section_id,note
images/pin50.png,Quiet Moments in Desert Travel,"There’s a serenity in the desert that slows down your thoughts. Each gentle rise and fall of the dunes feels like part of a rhythm, one that inspires warm getaways Inspo and aesthetic reflection in travel. #Desert landscapes hold a quiet magic I always return to.",,Calm desert landscape with rolling dunes at sunset,,Reflective desert travel content
images/pin51.png,The Desert’s Golden Hour,"Standing beneath the vast sky, the desert’s golden hour illuminated everything in an unexpected aesthetic glow. Warm getaways Inspo comes alive in these moments, making travel feel intimate, like you’re part of a memory yet to be written. #Desert travel at sunset is unforgettable.",,Desert scene with golden hour sunlight highlighting sand dunes,,Perfect for sunset and aesthetic boards
images/pin52.png,Windswept Beauty,"The wind shapes the desert, and I watched as patterns formed across the sand. There’s a quiet poetry in the aesthetic simplicity of this environment. Warm getaways Inspo in the desert often teaches me how travel can open your senses to subtler beauty. #desert landscapes feel alive.",,"Patterns in desert sand shaped by wind, aesthetic focus",,Ideal for sensory travel and desert imagery
images/pin53.png,Dunes That Whisper,"Walking among the towering dunes, I felt as if the desert was speaking in a quiet language. The aesthetic calm and solitude are why warm getaways Inspo often draws me to deserts, where travel teaches patience and observation. #Desert journeys hold unexpected insights.",,"Traveler atop desert dune, soft light emphasizing texture",,Reflective desert travel inspiration
images/pin54.png,Shadows Across the Desert,"The low sun cast long shadows across the desert, creating patterns that were almost hypnotic. Travel in such places becomes an aesthetic experience, full of subtle lessons. Warm getaways Inspo often comes when I pause and notice these quiet details. #Desert #travel feels meditative.",,"Long desert shadows during late afternoon sun, aesthetic composition",,"Focused on quiet, reflective desert travel"
images/pin55.png,Desert Calm and Quiet,"Sitting in the heart of the desert, the silence enveloped me. There’s an aesthetic peace here that makes every moment of travel feel significant. Warm getaways Inspo reminds me that the simplest landscapes can leave the deepest impressions. #desert travel slows the mind.",,Wide desert landscape emphasizing stillness and calm,,Reflective and meditative desert content
images/pin56.png,Trails of Time,"Following winding desert trails, I felt connected to the generations who traveled these sands before me. Warm getaways Inspo often appears in such aesthetic journeys, where travel is as much about observation as movement. #Desert exploration teaches patience.",,Traveler following winding desert trail at sunset,,Ideal for historical or contemplative desert pins
images/pin57.png,Desert Mornings,"The first light of morning softens the desert into shades of pastel. There’s a gentle aesthetic to these moments that inspires warm getaways Inspo and makes travel feel reflective and personal. #Desert mornings carry a quiet, unique energy.",,Early morning light across desert dunes with aesthetic tones,,Morning desert travel inspiration
images/pin58.png,Between Dunes and Sky,"Standing where the dunes meet the vast sky, I felt a stillness that defines the desert aesthetic. Warm getaways Inspo comes from noticing these subtle contrasts, where travel becomes a dialogue with the land. #Desert vistas leave lasting impressions.",,Desert horizon with dramatic sky and aesthetic composition,,Perfect for panoramic desert travel boards
images/pin59.png,The Desert’s Quiet Lessons,"The desert teaches you to slow down, to notice light, texture, and the small details in travel. Warm getaways Inspo often lives in these aesthetic moments, reminding me why I keep returning to these vast #desert landscapes for reflection.",,"Desert landscape emphasizing patterns, shadows, and light",,Reflective travel and desert aesthetic